text,label
"@AppleSupport Basically for a chat to be opened from call log, the message app should be opened/running in background. Otherwise, it takes twice.",Technical Issues
"@AppleSupport iOS 11.02 and Watchos4.0: No icon for Twitter notifications. Restart of iphone/watch, notif. off/on does not help. What to do? https://t.co/Jd98V9OvIu",Technical Issues
"Dear god not again,@AppleSupport https://t.co/5Zf0Mnd6SI",General
"@ATVIAssist Hi there! If I buy Call of Duty WWII on steam today, do I have instant access to the open beta multiplayer?",Technical Issues
Hi @Safaricom_Care why can't I pay my my Dstv texts says the Org is unavailable,Billing
trying to buy my kid nibling a keyboard for an upcoming birthday - why is the pink one more expensive than the blue one??? @116062 https://t.co/DuRHF6ntXV,Billing
@GWRHelp  https://t.co/EzzirrQuyS,General
"@131749 recibi llamadas de celulares 3113552287 y 3114248440 de supuestos representantes suyos, avisando q me gan√© unos cupones hoteleros, solo ten√≠a q revalidar la info de mi tarjeta. Ojo! S√∫per estafa!",General
"@GloCare hi for 2days now I have not being able to make calls,text or even check my balance. As soon as I try making a call d line cuts..",Technical Issues
@AmazonHelp Are you guys having problems with the launch of Amazon Music in Canada?  Keeps saying my session has expired.  Already cleared cookies and temp files. Please Help! https://t.co/1r8mdH5ABB,Technical Issues
WTH HULU!?!?! You LIEEEE https://t.co/4U4nlbGPXX,General
annoyed AF @115873 double charged me for a ride i took almost a month ago! thanks for talking my phone bill money üôÉ @Uber_Support SECOND time ive been double charged,Billing
"@sainsburys Just found a dead fly (ironically, not in soup) but in a Sainsbury's Caesar Salad. Not specified in the contents of the dressing.... but presumably drawn in by the Nectar Points? https://t.co/BD4ZplQDTG",General
@British_Airways any ideas what a/c  are operating the BA845 &amp; BA209? :),Technical Issues
@115888 being able to chat with your friends about what they are listening to would be tight as fuck,Technical Issues
@Uber_Support why is my passenger account disabled?,Account Issues
@British_Airways yo I was wondering can I bring cereals with me on the plane please I‚Äôm not even kidding üòÇ,General
@SW_Help @119696 @749365 I realise that. I've lived here for many years. I've tolerated the enormous daily hassle of the redevelopment. But no thought has been given to handling rugby crowds. It's unacceptable and unsafe.,Technical Issues
"@XboxSupport Achievement has unlocked on Forza while I was playin offline due to internet issue,Now back live &amp; achievement is still locked",Technical Issues
"@AppleSupport Hi, I topped up my iTunes credit today via pre paid voucher. It went through but the credit balance on my iTunes is still showing my old balance but the credit balance on my App Store is showing my new credit balance. Why are the credit info different? Please advise",Billing
@TMobileHelp No thank you T-Mobile... I have already been through this... enough is enough...,General
@SouthwestAir Just curious as to why nearly every SW flight I take between FLL and BWI is delayed...,Technical Issues
"@British_Airways I went to the wrong airport, what is your best customer service contact number for OpenSkies that‚Äôs open before 9am?",Refund/Cancellation
@225552 @196577 @115940 I want it to work but I'm not paying to restart a video every 5 min.,Billing
@sainsburys so your substitutes for gluten free food is food that contains gluten ? worst home delivery service of any shop,Delivery
@XboxSupport I got given a ¬£50 redeemable code for my birthday and I accidentally ripped of some of the code what shall I do?,Billing
@DellCares just got a call that my XPS 9550 with swollen battery that's been in the depot for a week will be another 2 weeks minimum to repair.  I have two PCs with the same issue.  Doubtful I will buy again given these issues and lack of quality support.,Technical Issues
"Chipotle is love, Chipotle is life. @ChipotleTweets #AppreciationTweet üåÆüåØ",General
@496809 @134202 That @115714 network life though!,General
@584388 @comcastcares Bro that's what I'm saying I'm siiick,General
"We need to have a serious talk, @116068 @GoDaddyHelp. Love you guys, BUT...

I've spent A LOT of money w/YOU since 2001, and I do NOT want new #domains to default at a 5yr reg period. That's ridiculous.

Where can I change the default to 1yr? Thx!

@3814 @3815 @3816",General
@Tesco Is that a yes or no to direct question please?,General
"21 days asking infos without saying which infos!! Support escaleted issue w/out a reply in 1week. #Paypal is risky 4 merchants
@AskPayPal https://t.co/bq6qLGAfG6",Technical Issues
@150659 @115817 AVISO! WARNING! Do NOT pay for priority shipping. @115817 will take your money&amp;not tell you they have no idea when ur package will be delivered,Delivery
@115955 jk don't get spectrum they'll make you fail blackboard assignments and spend an hour buffering a video,Technical Issues
"Still haven't heard back from @115821 about stealing my image. Oh, and they PHOTOSHOPPED their product into the image. üëçüèª https://t.co/9rhswB62qT",Technical Issues
@comcastcares It has been resolved now. Thanks for the reply. Don‚Äôt know what was happening.,General
@AppleSupport a new Arabic font is very bad .. could you change it to the old font please,Technical Issues
@MicrosoftHelps how do I buy https://t.co/xxyyBSGIAH in the uk?,Billing
Hey @Ask_WellsFargo you tell me my account is on hold due to fraud activity yet the prevention and risk line has been busy all day.,Account Issues
@AppleSupport why is my phone percentage going DOWN when it‚Äôs in an Apple certified charger? And it didn‚Äôt charge at all over night. About to go get a Samsung today.,Technical Issues
@SW_Help great conductor working 2c25 very informative and well with regards with handling a delay and informing everybody travelling.,General
@AppleSupport I‚Äôve tried but no ones replying! Thank you,General
"@AzureSupport Thanks, follow up question; if I need to switch from let's say D series to B is it possible in RI?",Refund/Cancellation
@690906 @AmazonHelp I will take up your case to the consumer forum. You can also contact us at :+91-8521228202.,General
"@SpotifyCares If my partner is using spotify on my iPad but I want to listen on the desktop app at work, it cuts him off and visa versa.",Technical Issues
@116333 have bought IPhone X. Wonderful phone but experience shattered  by lousy service from Apple agent Nysa. Help !,Technical Issues
@116072 Lied about lifetime price @116136...what you got to offer?,Billing
@AskPlayStation I want to download a game again but I‚Äôd have to be charged again,Billing
Hello Chicago!!! üõ¨ Only bummer is @AmericanAir took my brand new hair spray! üò∞maybe @83593  can send me a new one üôèüèº #badhairthistrip https://t.co/sES0tUpT2v,Refund/Cancellation
"@NikeSupport Si, ya funciona correctamente gracias",General
"Thank you for this honour, @722565, and congratulations to @sainsburys on winning the grand prize! https://t.co/tZeidSkQ6g",General
@AlaskaAir fly with you all a lot. Always love the service and it really stands out when I have to fly another airline that sucks!,General
@AppleSupport First time I attempted to re-add an event I believe it ignored the day I added it to and set it to the next day. The second attempt resulted in nothing being added.,Technical Issues
"@comcastcares Thanks- I just unplugged and plugged modem back in, again. I was able to open app after reconnected to schedule a call tomorrow. TY4 ur help",Technical Issues
"@AmazonHelp I have and they told me to call the bank--I don't even know what bank this was with, I've had the seller account for 10 years and haven't used",Account Issues
@O2 Many thanks to @O2 it‚Äôs not Vegas but still a nice little surprise https://t.co/Gdzg9jIu3R,General
Hey @tesco any reason why your Finest* Chicken Kiev‚Äôs which were ¬£5 for 2 are now only served in single packs and cost ¬£3.70 each? Seems like a bit of a price increase &amp; a rip off!,Billing
@TfL why is my #applepay not working at the gates? It tells me to call the help line?! #confused #tfl,Technical Issues
@SpotifyCares everytime i try to listen to two artists in particular (knife party/deadmau5) it tells me the songs are not available,Technical Issues
@116827 account charged for atm withdrawal but no money received... frustrating,Billing
@377498 @377496 @115858 negative sir. from my past experience updating to a new iOS is usually the reason the phone goes to shit.,Technical Issues
@AmericanAir I need your help. Stuck on flight1364 waiting on the tarmac in ORD cause of a maintenance issue on a plane at our gate. I need to make my connection to flight 1487.,Technical Issues
@AirAsiaSupport case number 00186136,General
Anybody else‚Äôs #xboxOne powering by itself randomly? @115786 @XboxSupport,Technical Issues
"@comcastcares Is there something going on in Keizer, OR? Outage? Slowdown? Net service is slow on multiple devices &amp; having streaming issues",Technical Issues
@AmazonHelp amzl us,General
.@115725 You have the poorest service I have ever seen. 4 DAYS to get dial tone fixed. Wonder what those that don't have cell do?,Technical Issues
@120533 gros probleme suite √† un compte bloqu√© depuis 2 semaines !!! 7 coups de fils 3 emails un fax et rien !! Vive les plateformes √† l'√©trange ! En revanche vous savez pr√©lever le prime alors que je n'ai rien demand√© et pas la possibilit√© de refuser !!!! Merci !!!,Technical Issues
"@Delta Currently booked on DL1849, DL3796",General
@LondonMidland No trains from Blake St since 8.02!! Cancelled due to no drivers!! just on train now. Uni at 9am. Missed lecture! #refund,Refund/Cancellation
@comcastcares Outage in my area? Any idea when it will be back up? Sacramento,Technical Issues
"@115714 @427944 This is what I got, phone is in my cart, I am ready to pay!! UGH https://t.co/fua5iNjCtj",Billing
@BofA_Help Sorry I wasn't in the room I am now,General
@116062: will you create a ‚Äúdisaster registry‚Äù where fire victims can pick the items they need and anyone can fill them? Offer discounts?,Billing
"@AppleSupport Freezing basically all of the time. Apps are messing up, if i turn on airplane mode and then turn it off i can‚Äôt get service without restart",Technical Issues
@VirginTrains I‚Äôve lost my tkt back to Wilmslow. I‚Äôve got receipt and it‚Äôs on my app but your staff tell me too bad. Surely not right??,Technical Issues
@AmazonHelp I ordered a package to be delivered tomorrow but I‚Äôve had a notification saying it‚Äôll be a day late now,Delivery
"@AmazonHelp prime membership says it‚Äôs suspended, updated payment method but still says it‚Äôs suspended? How do I fix it to get Prime back?",Delivery
I have yet to meet a @SouthwestAir employee who has not made my day better.,General
Our Bubby‚Äôs first flight in @Delta out of our favorite airport @6013. California Dreamin‚Äô #notstaged https://t.co/W7mmwHn5o1,General
"@British_Airways my husband and I are flying to Texas for a friend‚Äôs wedding in December; it‚Äôs my husbands first trip to America! We‚Äôre going traveller plus, how much is the upgrade into business? Thank you",Billing
@Delta I truly appreciate you for taking a perfectly brand new piece of luggage and roughing it up to the best of your ability. Terrible! https://t.co/2H95WJ40Lr,General
Love it when @115877 takes well over an hour when it says 20-25 mins üôÉ,General
@AmazonHelp And there is was no reschedule from my side. You guys did yourself,Technical Issues
@SouthwestAir over half of your ticketing kiosks are out of service at @138523. 6/16 work.,Technical Issues
"@AmazonHelp Hello I ordered yesterday and I paid for it but I need to change the billing address, how can I do it?",Delivery
"@116230 I recently used my custom built PC to host, run and edit a Smash Bros 4 tourney called Smash Trinity recently https://t.co/KZofHeprxS",General
@SW_Help @115793 Nice of you to pin blame on someone else. I think you‚Äôll find passengers don‚Äôt care who‚Äôs fault you think it is and would rather you worked together to fix it.,Refund/Cancellation
@AmazonHelp anything else?!?! This communication feels familiar,General
@AmazonHelp Aproveitei tanto que agr to pobre üòÇüôà,General
@O2 So how do i trade in? What can you do to help? What can I do?,Refund/Cancellation
"@Safaricom_Care Thank you very much,  you've been most helpful",General
@ArgosHelpers Love2Shop say any of their retailers should refund back to the love2card and by not doing this breaches the retailers agreement,Refund/Cancellation
@idea_cares want to port my number from @118343  to idea immediately please help @118343 store is the worst,General
Mason‚Äôs @ChipotleTweets pumpkin https://t.co/3rzIazXPvF,General
"@570635 @XboxSupport @570633 @3495 @125838 @141157 Issue has been corrected, NHL 17 is playable again within the vault! üëç",Technical Issues
"@AppleSupport And yes, I‚Äôve restarted my phone, my WiFi, my home internet, the apps, my life, your life...",Technical Issues
@UPSHelp @115817 Why was my package ‚Äúout for delivery‚Äù yesterday and then rescheduled for Monday ? I scheduled it on a Saturday for a reason!,Delivery
@615414 @McDonalds @590398 They won't. They are not even giving Rick and Morty the credit they deserve for trying to bring it back,General
@AppleSupport Yes,General
@UPSHelp what time do deliveries occur until on Saturdays?,Delivery
@AmazonHelp @410950 What is ur business in this story.If ur friend have any concerns let he/she handles it unless you are authorised to do it.Amazon is the best,General
@738887 @VirginTrains I've still got the picture I think.,General
uber account has been hacked...what to do? @Uber_Support,Account Issues
@AmericanAir Really? Tell me why I qualified when I left EWR? &amp; why a colleague on the exact same Status as me qualified leaving COS on the same flight,Technical Issues
Gets Amazon Prime and orders an item that qualifies for next day delivery. Get a despatched note saying it will be here Monday. Well that's no good is it @AmazonHelp !!!,Delivery
@129941 Please explain https://t.co/slhcxVjhQD,General
@MicrosoftHelps -really dumb. They should have a feature where you can make widows turn off all reminders if you are using certain apps.,Technical Issues
Le envi√© un dm a la cuenta de @AmericanAir y estoy impresionada por la velocidad y calidad de la respuesta. Ojal√° todos los CM fueran as√≠.,General
@AmazonHelp Thanx.Actualmente calculo que el 60-70 las hago con vuestro servicio. Y satisfecho el 99% tan  por precio como por celeridad y servicio post,Technical Issues
@VirginTrains I have and will be 50 minutes late which is too late for a crucial meeting. Day ruined. Thanks for your apology,Technical Issues
"@AskLyft Great excuse ""The feedback alleged you made inappropriate or derogatory comments towards your driver."" I did not. Oh, and fuck you.",General
@AzureSupport I wil check with my application vendor on how to proceed.,General
@AppleSupport Im currently using 11.1.2,Technical Issues
When @Tesco give your click + collect to someone else üëèüèª the main present your 6 year old daughter wanted from Santa,General
"@121513 @SW_Help Done already! Well I hope somebody finds it, shame there are so many possible areas it could have fallen out üòñ",General
Yo @115858 what‚Äôs supp with these square boxed question marks it‚Äôs annoying,General
@CoxHelp Cable card and tuning adapter for my TIVO has been dead since Last Thursday here in Norman OK. Any info about what is going on?,Billing
@GWRHelp @152880 From where? Hardly anyone got off it at TWY?,General
"@115817 @UPSHelp Loving how you moved my delivery date, canceled my two-hour delivery window YET still kept my money...",Refund/Cancellation
@115888 can you stop randomly unsaving songs that ive saved. My wifi gbs are crying. As am I. Tanks.,Technical Issues
@AmazonHelp I need a compensation for sure.....its purely your fault,Refund/Cancellation
@British_Airways logged into manage my booking and getting  message saying no flights in the booking. Due to fly on Monday what's going on?,Technical Issues
@AmazonHelp The delivery date given was December 4 - December 7! Is that why it hasn't been shipped out yet? ):,Delivery
@XboxSupport I can sign In but won't let me join parties.,Account Issues
@MicrosoftHelps THIS SETTING NEVER WORKS. NEVER. https://t.co/oKAj8aV5GP,Technical Issues
Looking for an interesting read? This man is unstoppable #ScottHaze #Mully @AmericanAir https://t.co/Tve2owmVSJ,General
@786388 @AirAsiaSupport Better take refund,Refund/Cancellation
@Uber_Support No one has resolved it till now? I need answer is Etios Liva a Sedan and what action you have taken against driver for talking on phone?,Technical Issues
@AmazonHelp Just realised that the Knorr beef stock cubes that I ordered are also missing. Could you help me with this so I don‚Äôt have to hold for 15 min again? Also I would like to cancel this subscription ASAP. How can I do that?,Refund/Cancellation
Asked my @115879 driver nicely to switch from right wing talk radio to music. He declined. This is a fun ride.,Technical Issues
@AmazonHelp Unaddressed issues r remaining unresolved since months and you are just escalating and requesting me to wait further. No refund since months,Refund/Cancellation
"Hey @115825, k√∂nnt ihr bei Gelegenheit mal die deutsche Tonspur der King of Queens S04E24 austauschen? Da ist die Tonspur der vorherigen Folge drin. Die englische Tonspur funktioniert einwandfrei.",Technical Issues
"@TMobileHelp I apologize for my behavior, let‚Äôs work this out like civilized people.",General
@VirginTrains what's the sitch with delay repay if I have an anytime return ticket and the train I was planning on getting was cancelled?,Refund/Cancellation
"@AmericanAir It felt I was so restricted and I am just a medium size human being, especially for a 6 hour flight, something needs to be done, it felt unacceptable, please do something",Technical Issues
"@Delta in the air on delayed 2057, will prob miss connection in ATL to GSP. Can u help please ?
Ric Rosenbaum
#2128647449",Technical Issues
"@115879 nah nigga. Gimme my $10 ‚Äúno-show‚Äù fee right back, my app froze and didn‚Äôt tell me the driver was here. We gon do this right here",Refund/Cancellation
@TMobileHelp Another bot.,General
@AmericanAir So is there no way I can check in online now for my flight?,Technical Issues
@VerizonSupport But this is only happening to people who have Verizon and if this keeps up people will take actions like switching ISP.,Technical Issues
@Delta @207516 @207516 has 3 Emmy‚Äôs.  He‚Äôs very important.  Perhaps this little hiccup can be resolved with a Pope Bottle Opener.  #FlyLinoHome,General
@115714 They offered less than 25% of that BS restocking fee back. I'm insulted.,Refund/Cancellation
@115850 My order id is 404-1796907-6903540 is please look into this matter asap and please try to contact us very soon I want this product,Delivery
Yo @116136 @115900 what'd ya'll do wit my upload ??? https://t.co/9Akoq42SJU,Technical Issues
@401338 @ATVIAssist  https://t.co/oUcq6ZKhx7,General
Áü•„Çâ„Å™„ÅÑÈñì„Å´Amazon„Éó„É©„Ç§„É†„ÅÆ‰ºöÂì°„Å´„Å™„Å£„Å°„ÇÉ„Å£„Å¶„Åü„Çè„ÄÇË®òÊÜ∂„Å≠„Éº„Åã„ÇâÊÄñ„ÅÑ,General
@SouthwestAir how long does it take for points from a partner company to transfer to southwest rapid rewards?,Billing
@AppleSupport Any tips to speed up the update? Traveling üö´ have 4 hrs. Requiring WiFi when some LTE speeds are faster still makes me ü§∑üèª‚Äç‚ôÄÔ∏è https://t.co/9nDbFKPyzn,Technical Issues
@AmazonHelp for same pin code it shouldn't change in matter of mins.before placing order it showed 3-4 days n post payment a week! @115850 #ecommerce,Delivery
@SW_Help Why no new trains on Weymouth to Waterloo? At least refurbish some pls.  Don't refer me to the website...Answer me,General
@TMobileHelp Dang so no free Netflix üòÇ,General
@LondonMidland Thank you üòä,General
"Few things make me happier than calling customer service and getting someone who's helpful, knowledgeable and friendly.",General
"Dear @GloCare @117627  you need to make me your ambassador, I talked to two persons about how good your network is and they bought glo.",General
"@Uber_Support 
I have added a payment method and still i can't requrst any ride as below snapshot, please your support https://t.co/K7y04cK4Tz",Billing
@XboxSupport @161810 It‚Äôs ok Xbox Best Buy helped me,General
@SpotifyCares Pixel XL https://t.co/5X09IqH8z7,General
Starting to wonder why I‚Äôm paying ¬£80 a year for @115830 next day delivery when my items never seem to come next day üò°,Delivery
"@115858 @AppleSupport  Is this green pixel supposed to be on my brand new iPhone X? Also, why can‚Äôt I just get a simple replacement phone at your stores? Why do I have to pay another grand to get a replacement or pay for ‚Äúrepair‚Äù?! https://t.co/QVEzzAx8eC",Technical Issues
mcnuggets yayy,General
@TacoBellTeam So....?,General
@AmazonHelp Ansiosa! üëèüèªüëèüèªüòÜ,General
@O2 Terrible! Just glad I didn't spend any money as it seems neither of you are taking any responsibility!,General
@UPSHelp France,General
"@British_Airways This does not address my question: why don't you allow guitars though they fit in overhead compartments? In addition, your rules for violins &amp; violas are self-contradictory (you say you will ""make an effort"",but then claim instr. &gt;56cm will be checked in"") https://t.co/NSAJI3UHXl",Technical Issues
"@115850 this is probably the first, but I've received a product which belongs to someone else! And I suppose my order is sent elsewhere!!",Delivery
@hulu_support I‚Äôve already reset my password &amp; im still getting that error ü§¶üèª‚Äç‚ôÇÔ∏è  i never had account issues with @116602,Account Issues
@AmazonHelp @145403 ¬øY va a estar todo m√°s caro que en d√≠a normal? Porque veo que as√≠ funcionan las ofertas para sus compradores mexicanos.,General
@LondonMidland do you give refunds when people have to get coaches instead of the scheduled transport they have pre-paid for.?,Refund/Cancellation
"@AmazonHelp ordered next day delivery via your prime service on tues. When does it turn up? TODAY! Just as well I didn‚Äôt need it by yesterday...oh, wait....ü§î",Delivery
@115765 @115766 fix this broken ass game please I've restarted 10 times and still this shit comes up!üò° https://t.co/OpXejHpm4z,Technical Issues
@VirginAtlantic Trying to use their App to check in but says I need an account? Won't accept my virgin details.,Account Issues
"*positive* @122550 experience klaxon! webchat sorted my problem. Still doesn't sort my ""missing"" bonus points from @sainsburys tho. Baby steps eh.",Technical Issues
"@AppleSupport @564337 Lies! Apple has ignored me, and told me multiple different things! Still no resolution. All lies! #AppleSucks",General
"@SouthwestAir my wife and I changed our names, and your website says tweet you for directions on how to update our accounts - help!",Account Issues
"Dear @115940, just once I would like to watch an episode without you freaking out and turning off.
Best regards,
             Kathleen",Technical Issues
"@AdobeCare It had the same problem before I updated the drivers, so I don't think that's it..",Technical Issues
@SpotifyCares I've just got some Google Chromecast speakers. How do I remove my old Spotify Connect speaker? https://t.co/dUFySGOoGw,Technical Issues
"@115850 will you give my money back.Or I start legal forgery case for loss.
No body respond for email now and exhausted with calls in your customer care. https://t.co/vOdzHP30ug",Refund/Cancellation
@ATVIAssist I got demoted to lvl 1 twice how can I get my rank back,Technical Issues
@Delta the plane is broke down. And we are not getting answers.,Technical Issues
Wonder if @116245 let me off a penny üòí https://t.co/ctJPepLIcs,Billing
@LondonMidland I was going to Sutton Coldfield ended up having to wait 25 minutes for the next connecting train.,Technical Issues
I ordered a pizza TWO HOURS AGO and it‚Äôs still not here. Do better @116076,Delivery
@AppleSupport HELP PLS IM POOR,General
"@AmericanAir I hope so because if mine is cancelled, I miss being best man at my brothers wedding. I would hate for my previous appreciation for AA to push me elsewhere...",Refund/Cancellation
@Morrisons how can i make a complaint to the crowborough store about a VERY ride till worker and manager,Technical Issues
"@O2 same on safari, chrome and IE :(",General
@AmazonHelp Sent. Kindly resolve this on immediate basis.,General
"@SW_Help Hey team, season ticket holder here. Went to refund rest of ticket, couldn't, understand as less then a week left. But then I have no void days?! I've been on trains delayed for ages and due August work refund surely. What gives?",Refund/Cancellation
@Delta I guess 20m was optimistic. 40m now.,Refund/Cancellation
@O2 Arrived 7.50am!!!! Now to o2 store to transfer iCloud x,Technical Issues
@AmazonHelp Been told my delivery will be between 26th-30th October. When will I find out for sure?,Delivery
"@AmazonHelp I used some tactics and got it out in the end, thanks for checking. I just need to bear in mind for future!",General
"Was rejected by @British_Airways. Seeking refund on Avios points debacle, but ever so politely and elegantly. -40K points, still love BA.",Refund/Cancellation
@115858 Also my battery dies so fast now! #Apple,Technical Issues
@TMobileHelp You got it!,General
"@AskTigogh Good morning,Please have not heard from you..thanks",General
@ATVIAssist @115765 I got 50 kills in war and said I still need to complete the 45 kills in war challenge.....???,Technical Issues
@LondonMidland Even our train driver has just announced that this evening has been handled really badly and no need for the delays...,Technical Issues
@SpotifyCares Hey. I want to change my Discover Weekely Preference. I listen to lots of rap but I do not want rap suggestions. What to do?,Technical Issues
@Tesco just found this in my raspberries https://t.co/jQqsSxl5cN,General
HELLO @AskeBay https://t.co/mfCjpYnSbA,General
"@airtel_care It was sent to ""07085398833"". My current number is ""07080844289"". Thank you.",Delivery
"@AlaskaAir It's bunch of domestic first class  ticket anywhere on the website, are you sure ""it seems very low""?????I was just told that my flight hadn't any seats! Your IT department is not working hard!",Technical Issues
@AldiUK fantastic customer service when I needed a trolley tonight!,General
"@115911 Sent a DM, thank you for helping me!",General
"Can you tell me if @sainsburys in Deal, Kent, has stopped stocking the following product? Many thanks.

https://t.co/qCpiA3R9fg",Technical Issues
@Kimpton Yes Chicago! Allegro is already helping me! Thank you so much!,General
"@AppleSupport Maybe it is just AT&amp;T not sure. As I just went in a app and it couldn‚Äôt refresh, unless I manually do it and it is slow.",Technical Issues
@507049 @Delta Where are they taking you??,General
That feeling when @116057 asks you to DM them to reconcile the order they messed up on-and then they don't respond.... #dissapointed,Delivery
"Êú¨ÂΩì„Å´Amazon„Çà„ÅèÂàÜ„Åã„Çâ„Å™„ÅÑ„ÄÇ

10Êúà24Êó•„Åã„Çâ11Êúà12Êó•„ÅÆÈñìÁô∫ÈÄÅ„Å®11Êúà1Êó•„ÅäÂ±ä„Åë‰∫àÂÆö„Å´„Å™„Å£„Å¶„Åü„Åã„Çâ‰Ωú„Çã„ÅãË≤∑„ÅÜ„Åã„Åó„Çà„ÅÜ„Å®„Åó„Å¶„Åü„ÅÆ„Å´Áô∫ÈÄÅÈÄöÁü•„ÇÇÊù•„Å™„ÅÑ„ÅßÂïÜÂìÅÈÄÅ„Çâ„Çå„Å¶„Åç„Åü„Çì„Å†„Åë„Å©„ÄÇ

„Åó„Åã„ÇÇ„ÄÅÈÖçÈÄÅÁä∂Ê≥Å2„Å§„Å®„ÇÇÂÖ®ÁÑ∂Âà∞ÁùÄ„Åó„Å¶„Å™„Åã„Å£„Åü„Åó„ÇÄ„Åó„ÇçÈÄî‰∏≠„Å†„Å£„Åü„Åó„ÄÇ

Èñì„Å´Âêà„Å£„Åü„Å†„ÅëËâØ„ÅÑ„Åë„Å©",General
Yo @115888 why is @251622 the 3rd result when i search 'cher'? Fucked up honestly,Technical Issues
@AmazonHelp Please share some coordinates so we can connect. Good to see your concern of customer. Will wait to see solution..,General
@AskPapaJohns Yes they had to fully return the order and reorder it online.,Delivery
@AmazonHelp Contacted seller and was rudely hung up on several times #scam,Technical Issues
@TMobileHelp much easier to say for everyone to see on twitter. the reality is I will be put on hold for 30 mins and be cold transferred to diff depts,Technical Issues
The best part of the supercharger going ‚Äúmissing‚Äùis it was shipped to a @115817 employee. You would think they could track a 50lb 3x3x3ft box,Delivery
So there‚Äôs a $45 Postmates charge on my account but I didnt order anything ......... @Postmates_Help,Delivery
"@118266 Akunku tiba2 keluar baik dr hp/pc, padahal ga pernah log out/ganti password, ini cara pembayaran by cc, masa' harus bayarin akun yg dihack",Account Issues
@VerizonSupport This one? https://t.co/BCcwKrL5hb,General
"@AmazonHelp Es lo que hago, hice mi pregunta porque en el sitio dec√≠a que estar√≠a disponible desde el d√≠a de ayer. De cualquier manera gracias.",General
@comcastcares They fixed it! Thank you!,General
@idea_cares At least inquire to whom this aircel no is allotted and Do you have all kyc of this no ?,General
"#glo's data plan is simply amazing, however, the network sucks. @GloCare please look into this.",Technical Issues
"Wenn ich mir √ºberlege, wie viele Arbeitsstunden @389125 und ich diese Woche durch nicht funktionierende Software von @115777 verloren haben und was deswegen alles nicht fertig geworden ist, wird mir ganz anders. Ich w√ºrd das denen ja gern in Rechnung stellen.",Technical Issues
@GWRHelp you paying for a cab back tonight as the delay at chipppenham is a joke?,Refund/Cancellation
@144952 „ÇÆ„Éï„ÉàÈÄÅ„Å£„Åü„Åπ,General
@XboxSupport @127889 The other team had the same problem,General
@Delta it‚Äôs not exactly how I wanted my night to start off,General
@Uber_Support Don't fancy replying to that?,General
@AppleSupport I can‚Äôt download apps from the app store.,Technical Issues
Hey @AppleSupport why is ‚ÄúIÔ∏è‚Äù auto correcting to ‚ÄúA ? ‚Äú,Technical Issues
@115888 do you purposely make your ads use up so much cpu forcing people to go premium?,General
@115714 @465557 Why is that different than this? https://t.co/XDnSMiuYF5,General
Who the hell takes down a credit card shopping portal for regular maintenance on Cyber Monday @116016? Seriously?,Billing
@Morrisons A rogue potato made it into the pack #morrisons https://t.co/o1n8hzMFRd,General
.@127972 @116618 I cant watch #MIAvsBAL on #TNF with the amazon vid app.  Infuriating and frustrating as hell. Y do I pay 4 prime,Technical Issues
@TMobileHelp My problem is straight forward. Non my of my family members had working service throughout St. Helena. Worked in Calistoga only.,Technical Issues
@119625 I've downloaded some stuff from prime . Will I be able to see it while abroad? Nd will I be able to access prime abroad ?,General
@ChipotleTweets i wish we had a campus chipotle üò≠üò≠ #wvu,General
"@AppleSupport iPhone 7. It's been like a month. Yes, I reset everything.",Technical Issues
Furious with being misled by @British_Airways that flight booked with website is not a oneworld partner. Denied lounge access as silver card,Billing
@GWRHelp 8 coaches going from ealing broadway towards slough was nearly empty. you need to provide more coaches as the area has recently got busy. need more coaches to avoid pushing and delays and over crowding.,Technical Issues
Big thank you to Fernando in the @AlaskaAir lounge @116373 - superior customer service!,General
"@AmazonHelp You already did and told me, ""we don't know! Sorry!"" So naw. I'm alright. I'll just reorder my package and hope you don't botch it twice.",Delivery
@115858 @AppleSupport And there‚Äôs also this. No clock. https://t.co/syQoxc4ZWi,Technical Issues
"Orlando to Amsterdam nonstop on @Delta begins March 30, 2018 | Delta News Hub https://t.co/OJsiF2JxzP https://t.co/ByD2L1qB82",General
@115714 just wasted 3 hours on the phone trying to exchange a brand new yet defective device. üëé,Refund/Cancellation
@115858 Fucking fix this ‚ÄúI.T‚Äù bug. I‚Äôve had I.T up to here with I.T. I.T is really fucking annoying. I can‚Äôt deal with I.T. Get I.T?,Technical Issues
"@SouthwestAir @587735 Saw this, it was absurd. Southwest has to answer for this.",General
"@MicrosoftHelps 2017-10-16 02:45:18.311, Error     [GetCurrentInternal_ReportRollbackEvent] Rollback routine is not supported on this OS Version",Technical Issues
"@AskPayPal Thanks for following up. I was repeatedly getting a 500 Server Error yesterday, but it seems to have since been resolved.",Technical Issues
Pretty clean flight to MCO on @AmericanAir üôÑ https://t.co/34lN9dt4DX,General
@119309 @Safaricom_Care Kindly call 0714110898. I got the Agent number,General
@Safaricom_Care https://t.co/R7XYnTLrdr,General
"@115879 I‚Äôve never been pulled over by police for driving dangerously until today, and your guy was driving. Call me.",General
@648676 @ATVIAssist @648675 Exactly! Nail on the head,General
"@Uber_Support Check these 3 points marked in pic, is this enroute or off the route.  You guys think it's fine!!! @115873 pool should not make the one suffer who boarded first. Not acceptable. https://t.co/uhORXPINvg",Technical Issues
"@BoostCare I tried to call customer service, the recording said it was 'after regular business hours' but didn't tell me what the hours are.",Technical Issues
@comcastcares message sent. thank you,General
@AppleSupport  https://t.co/JBaZau860i,General
@Uber_Support I cant switch my email or pay with my credit card. Please help! You guys do not have a phone-line that I can call in my city.,Billing
@AmazonHelp 31st oct 2017 9:35 AM. Alright #waitingforyourcall #fraudcompanyamazon,General
@115940 your live tv needs a lot of work. Buffers way too much.,Technical Issues
"@XboxSupport is that true that xb one x will support mouse,keyboard for games?",General
@hulu_support It‚Äôs every device and you guys know it.  I like your platform if it would just work!,General
@Tesco Thanks,General
"After the end of 2017, I‚Äôm going to ditch Apple once and for all. Got my first iPhone last year with the 7+ and honestly regret making the move from Android. Always have owned a MacBook, but the last two have got the same problem with a few keys not working.",Technical Issues
Hey @AmericanAir what's the deal with this shitty 4 hour window for checked bags? Seriously wrecking my plans for some reason.,Technical Issues
"@115955  The Word Network is a no charge TV station. Why is Spectrum blocking the channel? Very disappointed. Spectrum bad
11-18-17",Technical Issues
"There‚Äôs a chicken and mushroom Pot Noodle on every seat of this @VirginAtlantic flight.

Me neither ¬Ø\_(„ÉÑ)_/¬Ø",General
@AppleSupport üôÑ https://t.co/2gihtcfSq0,General
@Ask_Spectrum Will I be reimbursed for the inconvenience? It‚Äôs been over 24 hours,General
"@ArgosHelpers hello, I bought an xbox last month and one of the buttons doesn't work on the control? It what do I do? Everything else works",Technical Issues
@115725 what was the cause of the service outage in Rochester Mn today?,Technical Issues
@idea_cares Mere ko urgently problem solved karke chahiye,General
"@127906 @AdobeCare The key word here is ""uninformed"", devs live and breath every feature and checkbox and don't often consider this rationale",General
@AppleSupport what wrong with Apple? iOS 11 has really bricked my iPhone 6... 10 year anniy #AppleEnding,Technical Issues
"@276509 @276510 @124257 Right, this is the fourth time i am identifying myself for the same number.
How stressful can it be to own an MTN number",Technical Issues
Adobe Reader DC is making everything so difficult I should be able to look at this document no matter what fucking version I have,Technical Issues
@TMobileHelp I have a grandfathered family plan (15 years! ) Does the free Netflix apply to me?,Billing
@AppleSupport how do I turn off voicemail transcription in iOS 10.3.3?,Technical Issues
"Hello, someone called me using 0713204691 and claimed to be a saf agent and wanted to get my line details, stop this crook @Safaricom_Care",Technical Issues
@SpotifyCares Solved. Thx,General
@Tesco I can look at that as much as i like but ¬£4 isn't going to get me anywhere!,Refund/Cancellation
@115911 do you do service discounts for first responders?,Billing
"@AppleSupport Tried all that yesterday but oddly enough out the blue it‚Äôs started working again so I won‚Äôt touch anything now. You know the saying ‚Äòif it ain‚Äôt broke then don‚Äôt fix it‚Äô.  Thanks anyway, I hope it‚Äôs all resolved now.",General
@115830 why is it so hard to actually speak to someone. I don't want an email in 24hrs. Order not arrived on time please can someone help?,Delivery
@VirginAmerica loses 10 passengers bags to Palm Springs with zero explanation of where they ended up.. miserable #CX,Technical Issues
@115858 @applesupport what is going on? What‚Äôs that emoji for? https://t.co/Nil9VJzZzG,Technical Issues
@AldiUK Open my naan breads that I purchased last week &amp; this is the disgraceful sight which I was greeted with! Perfectly in date &amp; thick smelly mould. https://t.co/VT9ibRhvsj,Technical Issues
@DunkinDonuts I ordered a small hash brown this morning and got FOUR tiny burnt hasbrowns..... wtf https://t.co/SUJDruk110,Delivery
"@Tesco She doesn't have one, and it was me who placed the order",Delivery
@AskPapaJohns yes everything was correct and the delivery man was very nice,Delivery
"If you've got an Apple Watch (2nd generation or later), please join our new research study! https://t.co/6li9eI9KdD",General
"@GreggsOfficial @763480 Also, do @GreggsOfficial sausage rolls contain any chemicals? Can you please send me a link for the ingredients? 
""The percentage of meat in sausage rolls is often even lower than in burgers and there may be more chemical additives""
Read more: https://t.co/vfg8apxcWP",General
"@JetBlue first time I had my flights cancelled, rebooked, and lose my even more speed / space seats and no refund on difference of? #NYCC",Refund/Cancellation
"@LondonMidland I'm trying to book a train online, but each time I check out it changes from collect at station (which I want) to Eticket",Technical Issues
@SW_Help why is the 9.39 from Hersham to Waterloo late? When will we move?,General
@sprintcare @802101 YOU BETTER FUCKING LOOK INTO IT,General
@61963 @ATVIAssist ITS OUT?!,General
"@AmazonHelp I suppose by email: ""Please respond to this message at your earliest convenience and provide us with..."". Guess it is respond by email",General
@Tesco very disappointed to find my moussaka was actually a macaroni cheese. ü§î https://t.co/o3aEnka1tp,Technical Issues
@116035 SOS HOW CAN I FREEZE MY CREDIT CARD ON https://t.co/fSplTss3Ws,Billing
@115873 you should have an email contact to facilitate sharing of experience in other cases to improve service quality especially drivers and their behavior. You charge if we cancel trip why not the driver charged if he refuses after accepting.,Refund/Cancellation
@AskPlayStation when i open the link without signing in my account it works but when i sign in and open the link it says unable to find this page.,Account Issues
@AmazonHelp Thanks for the reply though,General
@AskPlayStation I‚Äôm only logged in on my laptop currently and can‚Äôt stream on my phone because of this issue,Technical Issues
@VerizonSupport I cannot log on to pay a bill. No one can fix it for the last 4 months. Over it. It‚Äôs just a bill.,Technical Issues
"@SpotifyCares I was asked earlier to sign in again as my '3 month trial period' was up and if I wanted to upgrade to premium...???..I subscribe and pay for premium via my mobile provider, so was wondering if there was a known issue..??",Account Issues
"@VerizonSupport Oh, I got it. So the service will be restored yesterday at 10:15 pm. That makes so much sense. You are useless.",Technical Issues
@15261 @115955 Bastards üò†,General
@TfL Hello?,General
Tell me why IÔ∏è just got charged double meat @ChipotleTweets when the second scoop was like 1/5 the size of a normal serving #blown,Billing
"@hulu_support everytime i‚Äôve tried to get into my account for the last few weeks this has happened. i‚Äôve deleted the app, relogged in etc https://t.co/i8YdTsvEcv",Account Issues
"@117086 Oi, boa noite. Ontem eu comprei um livro e sem querer comprei de novo, mas n√£o foi contabilizado, hoje paguei mais caro.",General
@VerizonSupport They are all IDIOTS!!! FIOS SUCKS,General
@AppleSupport It‚Äôs acting... fucky,General
@115900 what is up with xfinity on demand??? Its not showing shows that should be on demand already &amp; its also only giving us the option...,Technical Issues
@AmazonHelp Cool. I have cancelled my order. I am afraid transaction do work that way also.,Refund/Cancellation
@115714 your sales rep just hung up on me while upgrading my phone. This is terrible service for someone trying to stay with you. Is there a way to call a supervisor directly? #furious,Technical Issues
"@115879 @AskLyft Is there any way to get your app to stop asking this every time I request a ride? If there isn‚Äôt, I‚Äôm going to stop using your service. I don‚Äôt want to use notifications. https://t.co/7zxe7g7rzT",Technical Issues
@sainsburys @2094  I feel like you‚Äôve underfilled my bottles #nightruined https://t.co/YAZgwHFilk,General
"@AskeBay @115937 should protect the transaction. First Hurricane Harvey, now this. Why won‚Äôt @115937 make it right?",Billing
@British_Airways i am so fuming with your company! i have tried to resolve this issue myself with your teams and am getting no where! All I want is a receipt,Technical Issues
@ATVIAssist I have but still have no reply off you,General
@USCellularCares Would that be the problem? This wasn't told to me when I ordered it,Delivery
"@115913 Great job! But you guys messed up my phone number! Please escalate and fix, asap.",Technical Issues
@AmazonHelp It's going to cost me ¬£42 to return this faulty item. Are you going to cover this?,Refund/Cancellation
"I will never understand why on pack @VirginTrains services, they choose a heating setting close to the temperature of the sun. Body heat warms too!",Technical Issues
Why y‚Äôall still got my shit tweakin? @115858,General
"@AmazonHelp Je pense , √áa a juste √©tais stipuler sur ma commande https://t.co/iarLWvqyfJ",General
@sprintcare https://t.co/aeSDvO2MNo,General
@XboxSupport I end up the error code 0x80a30204. It tried the hard reboot. It not working. My gamertag is Dakrkplayer2.,Technical Issues
@115888 Ya eski √ºyeler ?,General
"This last week has been a nightmare thanks to @115830 who it appears had a system glitch! 

My bank account had ¬£400+ deducted from it for an item I merely LOOKED at!!üò±üò±üò± Not great just before Christmas. 

Anyone else had this???
#Amazon #nightmare #itwasntme",Account Issues
"@AmazonHelp Ya cheque eso y nada,deberia de haber un telefono de sus mensajeros para saber quien lo tiene,porque no dice quien ""lo recibi√≥""?",General
Estamos no mesmo barco RT @640698: @AzureSupport any information about the Brazil South datacenter?,General
@115993 why is my PayPal negative?,Billing
@AppleSupport what‚Äôs going on with my Apple Music?!!! What day of the month do u guys take the 9.99,Billing
@AmazonHelp 2/x Die Gutschrift ist jetzt aber da. Was passiert denn nun? Ich w√ºrde es gerne behalten.,Technical Issues
"@sainsburys No it wasn't, it was a technical glitch, was able to book this morning but thanks for not looking into it.",Technical Issues
@DellCares I had hoped.  But no.  I am so disappointed in this warranty situation. Loyal Dell users for years.,Technical Issues
"@McDonalds Thanks For The Best Coffee #Dallas,Tx https://t.co/rVbQ7rr7pQ",General
@115940 why do I pay extra to not see commercials and yet I was just forced to watch one before agents of shield?,General
"Die Kombination #FIFA18 und @116316 #Echo ist bl√∂d. 
Alexa f√ºhlt sich dauernd vom Kommentator angesprochen‚Ä¶ üôà",General
@SpotifyCares @115888 @SpotifyCares,General
@AmazonHelp Just did and it's working now! Thanks!,General
Another Cayman sunset üåÖ #nofilter  #grandcayman #sunset @ Kimpton Seafire Resort + Spa https://t.co/zytmXE8zom,General
„ÅÇ„Åæ„Åû„Çì„ÅØ„ÇØ„É¨„Ç´Êâï„ÅÑ„Åó„Åã‰Ωø„Å£„Åü„Åì„Å®ÁÑ°„Åã„Å£„Åü„Åë„Å©„ÄÅSuica„Åß„ÇÇÊîØÊâï„ÅÑ„Åå„Åß„Åç„Çã„Çâ„Åó„ÅÑ„Å®„ÅÑ„ÅÜ„Åì„Å®„Åß‰ªäÊúù„Åª„Å©SuicaÊâï„ÅÑ„ÇíÈÅ∏„Çì„Åß„Åø„Åü„Çè„Åë„Åß„Åô„Åå„ÄÅ30ÂàÜÁ´ã„Å£„Åü„Çâ„ÄåÂà•ÈÄîÊîØÊâï„ÅÑÊâãÁ∂ö„Åç„ÅÆ„Åü„ÇÅ„ÅÆ„É°„Éº„É´„ÅåÊù•„Çã„Äç„Çâ„Åó„ÅÑ„Åë„Å©„ÄÅ„ÅäÊòº„Å´„Å™„Å£„Åü‰ªä„ÇÇ„ÄÅ„Åæ„Å†Êù•„Å™„ÅÑ„ÄÇ,General
@XboxSupport fix this!!!!!!!!!!!!! https://t.co/hWgBzh0bp8,Technical Issues
"@AmericanAir so on the flight back from LAX to PHL, now there are no: outlets, entertainment center or FOOD????",General
@116928 hola buenas necesito una consulta,General
"@AppleSupport my macbook's laptop keyboard and trackpad are unresponsive, is there any way this problem can be solved?",Technical Issues
Help @115873 please contact me,General
Thank you staff at @AmericanAir and @122128 for making TSAprecheck and everything a breeze! More time to relax!üç∑‚úàÔ∏è,General
@115888 @SpotifyCares how do I search? The tab keeps disappearing. https://t.co/F3E8iDMadX,General
"@Postmates_Help  hey you're delivery service is taking much much longer than your app says, I've ordered my food an hour ago and .....",Delivery
"@comcastcares I figured it out, just a bill issue.",Technical Issues
@SpotifyCares No that's answered it perfectly. Cheersüñí,General
@AskTigogh can I use any Sim on it,Technical Issues
@TMobileHelp DM sent,General
Some of this backlash over @SouthwestAir live music is ridiculous...people will find a way to get outraged over anything!,Technical Issues
I just got jam doughnut from @Morrisons and they had no jam inside üò≠ and it said jam doughnuts on the packed,General
@166371 I used @MOO. I've used them in the past and they've always turned out great. I just had to rush the design on these ones!,General
"You should repair my mac book MacBook Pro (17-inch, Early 2011)
@AppleSupport",Technical Issues
@AppleSupport I just bought your macbook air and its sucks,Technical Issues
@Safaricom_Care I don't have home internet since lastnight_what is the issue?:my account number is 11023305,Account Issues
@AppleSupport fix this glitch i‚Äôm tired of this ‚Äú iÔ∏è ‚Äú shit,Technical Issues
So twitter keeps telling me it load tweets üôÑ &amp; I thought I fixed the problem when I log out &amp; back in but it still goes back to the problem,Account Issues
"@SpotifyCares @SpotifyCares sorry to bother you again, but i still don‚Äôt have access to the song",Account Issues
How do you ‚Äúdiscontinue‚Äù corn tortillas? Might have to hop off the #Chipotle bandwagon for good @ChipotleTweets,General
@VerizonSupport Already had that with the multiple phone calls I've made and nearly 2 hrs of my life I want get back.,Technical Issues
"Hello @115858 
My iphone 6s battery is draining very fast even on stand by.
I have the latet ios 11.1 running in the phone.
Can you help me?",General
@AppleSupport i though iOS 11.0.3 should fix bugs? I never received issues until now!! Fix it!!,Technical Issues
Thank you to #GinaRubino at @Delta Airlines for her caring and helpfulness. So very appreciated and will never be forgotten. Great airline.üòÅ,General
"Oh @JetBlue, how IÔ∏è love Ricardo Lead at @133384! He totally made my day and it‚Äôs HIS birthday! I‚Äôm so grateful for the nice customer service you offer!!",Billing
@TMobileHelp just got my v30 and loving it but the headphone jack won't allow the headphone to go all the way in the jack,General
@115911 advertises great coverage in Namibia but no cellular partners. False advertising!,General
"@SouthwestAir How come you don't fly between SAN &amp; LAX? A while back, I read it would start May 2017. Haven't found any updates, since.",Technical Issues
@115830 Annoyed -ordered this morning with arrival date of tomorrow. Now receive email saying it's Wednesday. I won't be there on Wednesday. Grr! It's either Prime or not Prime. Not nearly Prime. 2nd time this has happened.,Delivery
"@British_Airways I just booked my flight, with another company. After years with you I felt the quality of your flights dropped dramatically",Technical Issues
"@sainsburys It tops all other adverts in my opinion. It's honest, current and real people. Bravo üëå",General
IÔ∏è understand flight delays happen but it would be nice if @SouthwestAir would provide an update. Still says on time &amp; it‚Äôs already late.,Technical Issues
@AmericanAir We sent in our compensation reply email on October 24th and haven‚Äôt heard anything back. We don‚Äôt even know if it was received.,Refund/Cancellation
I can‚Äôt watch @118134 tonight because my @115900 internet has been out since last night and they keep pushing the resolution time.,Technical Issues
"@115873 just lost a customer, I'll be taking @115879 next time.  Driver tried to overcharge me $100, I have to wait 3 days to get that $ back and he's still getting paid for the ride.  Full refund was warranted in this situation and Uber failed to do the right thing. https://t.co/7UvP6nfOlF",Refund/Cancellation
@AskPapaJohns Email me not putting out on tweeter,General
"@Postmates_Help Will do, thanks",General
@116216 hay alg√∫n problema con la red? Estoy tratando de canjear un c√≥digo de ps plus y est√° siendo rechazado,General
@AskPlayStation I'm unable to reset my password. Can you help me?,Account Issues
"@GWRHelp Here‚Äôs a photo, there‚Äôs a chance I‚Äôll be leaving my on the hour earlier train. But not sure yet. https://t.co/Q7xhyYaj4V",General
"@AlaskaAir GREAT! Thanks! I have two codes: 
For Alaska Airlines I have IMVAGH; and for American Airlines it's MLEIMT",General
"@AmazonHelp It is delivered now, thanks.",Delivery
@AmazonHelp Hi - just tried to order something yet it says my account does not exist,Delivery
"@Uber_Support do you have uber services in East London, Eastern Cape, South Africa?",Delivery